-- phpMyAdmin SQL Dump
-- version 5.1.1
-- https://www.phpmyadmin.net/
--
-- Máy chủ: 127.0.0.1
-- Thời gian đã tạo: Th4 26, 2025 lúc 07:51 PM
-- Phiên bản máy phục vụ: 10.4.20-MariaDB
-- Phiên bản PHP: 8.0.9

SET SQL_MODE = "NO_AUTO_VALUE_ON_ZERO";
START TRANSACTION;
SET time_zone = "+00:00";


/*!40101 SET @OLD_CHARACTER_SET_CLIENT=@@CHARACTER_SET_CLIENT */;
/*!40101 SET @OLD_CHARACTER_SET_RESULTS=@@CHARACTER_SET_RESULTS */;
/*!40101 SET @OLD_COLLATION_CONNECTION=@@COLLATION_CONNECTION */;
/*!40101 SET NAMES utf8mb4 */;

--
-- Cơ sở dữ liệu: `new22`
--

-- --------------------------------------------------------

--
-- Cấu trúc bảng cho bảng `chuyenmuc`
--

CREATE TABLE `chuyenmuc` (
  `id` int(11) NOT NULL,
  `ten` varchar(255) COLLATE utf8_unicode_ci NOT NULL,
  `mota` text COLLATE utf8_unicode_ci DEFAULT NULL,
  `created_at` timestamp NOT NULL DEFAULT current_timestamp()
) ENGINE=InnoDB DEFAULT CHARSET=utf8 COLLATE=utf8_unicode_ci;

--
-- Đang đổ dữ liệu cho bảng `chuyenmuc`
--

INSERT INTO `chuyenmuc` (`id`, `ten`, `mota`, `created_at`) VALUES
(1, 'Thời sự', NULL, '2025-04-26 15:31:13'),
(2, 'Chính trị', NULL, '2025-04-26 15:31:13'),
(3, 'Y tế', NULL, '2025-04-26 15:31:13'),
(4, 'Giáo dục', NULL, '2025-04-26 15:31:13'),
(5, 'Khoa học', NULL, '2025-04-26 15:31:13'),
(6, 'Giải trí', NULL, '2025-04-26 15:31:13'),
(7, 'Xe', NULL, '2025-04-26 15:31:13');

-- --------------------------------------------------------

--
-- Cấu trúc bảng cho bảng `comments`
--

CREATE TABLE `comments` (
  `id` int(11) NOT NULL,
  `news_id` int(11) DEFAULT NULL,
  `username` varchar(50) COLLATE utf8_unicode_ci DEFAULT NULL,
  `content` text COLLATE utf8_unicode_ci DEFAULT NULL,
  `created_at` timestamp NOT NULL DEFAULT current_timestamp()
) ENGINE=InnoDB DEFAULT CHARSET=utf8 COLLATE=utf8_unicode_ci;

-- --------------------------------------------------------

--
-- Cấu trúc bảng cho bảng `news`
--

CREATE TABLE `news` (
  `id` int(11) NOT NULL,
  `tieude` varchar(255) COLLATE utf8_unicode_ci DEFAULT NULL,
  `noidung` text COLLATE utf8_unicode_ci DEFAULT NULL,
  `created_at` timestamp NOT NULL DEFAULT current_timestamp(),
  `image` varchar(255) COLLATE utf8_unicode_ci DEFAULT NULL,
  `views` int(11) DEFAULT 0,
  `chuyenmuc_id` int(11) NOT NULL,
  `author` varchar(100) COLLATE utf8_unicode_ci DEFAULT NULL
) ENGINE=InnoDB DEFAULT CHARSET=utf8 COLLATE=utf8_unicode_ci;

--
-- Đang đổ dữ liệu cho bảng `news`
--

INSERT INTO `news` (`id`, `tieude`, `noidung`, `created_at`, `image`, `views`, `chuyenmuc_id`, `author`) VALUES
(1, 'Thí sinh đăng ký thi tốt nghiệp THPT từ hôm nay', 'Học sinh lớp 12 và thí sinh tự do có 8 ngày đăng ký thi tốt nghiệp THPT, từ ngày 21/4 đến 17h ngày 28/4.\r\n\r\nTheo hướng dẫn của Bộ Giáo dục và Đào tạo, thí sinh sử dụng tài khoản đăng nhập hệ thống đã được các Sở và trường THPT cấp. Sau đó, các em đăng ký thi trực tuyến trên hệ thống của Bộ tại: http://thisinh.thitotnghiepthpt.edu.vn.\r\n\r\nNếu chưa đăng nhập lần nào, thí sinh nên đổi mật khẩu để bảo mật, rồi điền thông tin theo yêu cầu. Các thông tin này tương tự phiếu đăng ký dự thi trực tiếp (Hướng dẫn cách điền).\r\n\r\nThí sinh tự do cũng có thể đăng ký trực tuyến bằng cách đăng nhập Cổng dịch vụ công quốc gia, thay vì chỉ bằng hình thức trực tiếp như các năm trước.\r\n\r\nNếu gặp lỗi hay vướng mắc, thí sinh gọi tới hotline 18008000 nhánh số 2 để được tư vấn.\r\nKỳ thi tốt nghiệp THPT năm 2025 diễn ra trong hai ngày 26-27/6, dự kiến có hơn 1,1 triệu thí sinh, tăng khoảng 40.000 so với năm ngoái.\r\n\r\nNhóm thí sinh thi tốt nghiệp lần đầu theo chương trình giáo dục phổ thông 2018 phải làm bốn bài thi, bắt buộc có Toán và Ngữ văn. Ngoài ra, các em chọn hai môn đã học ở trường (Hóa học, Vật lý, Sinh học, Địa lý, Lịch sử, Giáo dục kinh tế và pháp luật, Tin học, Công nghệ và Ngoại ngữ).\r\n\r\nTrong công thức tính điểm xét tốt nghiệp, điểm các môn thi chiếm 50%; còn lại là điểm học bạ lớp 10, 11, 12 (50%) và điểm ưu tiên nếu có. So với trước, điểm học bạ tăng 20%.\r\n\r\nThí sinh thi theo chương trình cũ (chương trình 2006) sẽ làm bài Ngữ văn, Toán, Ngoại ngữ, cùng một trong hai bài Khoa học tự nhiên (Vật lý, Hóa học, Sinh học) và Khoa học xã hội (Lịch sử, Địa lý, Giáo dục công dân).\r\n\r\nĐiểm thi tốt nghiệp THPT năm 2025 được công bố ngày 16/7. Năm ngoái, khoảng 99,4% trong hơn một triệu thí sinh đỗ tốt nghiệp, là tỷ lệ cao nhất kể từ năm 2015, khi kỳ thi được đổi mới.', '2025-04-26 15:38:30', 'Screenshot 2025-04-22 023112.png', 7, 4, 'Nguyễn Trà My'),
(3, 'Nam sinh Học viện Kỹ thuật quân sự đổi màu huy chương Olympic Toán', 'Duy trì thói quen tự học Toán 1-2 tiếng mỗi tối, Phan Văn Lưu giành huy chương vàng Đại số tại kỳ thi Olympic Toán học toàn quốc, sau khi giành bạc cách đây một năm.\r\n\r\nPhan Văn Lưu, 20 tuổi, quê Hà Tĩnh, là sinh viên năm thứ hai chuyên ngành An ninh hệ thống thông tin, thuộc chương trình đào tạo kỹ sư quân sự chất lượng cao, Học viện Kỹ thuật quân sự.\r\n\r\nĐầu tháng 4, Lưu lần thứ hai góp mặt trong đội tuyển của trường tham dự kỳ thi Olympic Toán học sinh viên toàn quốc. Đạt 22/30 điểm môn Đại số, nam sinh giành huy chương vàng, vượt mức yêu cầu 4,5 điểm.\r\n\r\n\"Minh vui vì đã đổi được màu huy chương thành công như mục tiêu đã đặt ra\", Lưu nói.\r\nLưu kể yêu thích môn Toán từ nhỏ. Nam sinh có thể ngồi hàng giờ đồng hồ để suy nghĩ một bài toán khó và luôn cảm thấy phấn khích khi tìm ra đáp án. Với điểm số tốt, Lưu hai lần được đi thi học sinh giỏi cấp tỉnh khi học ở trường THPT Nguyễn Văn Trỗi, huyện Lộc Hà, tỉnh Hà Tĩnh, giành một giải khuyến khích và một giải ba.\r\n\r\nTrúng tuyển Học viện Kỹ thuật quân sự năm 2022 với 26,73 điểm tổ hợp Toán, Lý, Hoá, Lưu được phân theo học một trong những chương trình có yêu cầu cao về học thuật và kỷ luật quân sự.\r\n\r\nHọc chuyên ngành An ninh hệ thống thông tin, Lưu tiếp tục gắn bó với môn Toán trong năm đầu, ở cả lĩnh vực Đại số và Giải tích. Vì vậy, khi trường tổ chức chọn học viên tham dự Olympic Toán học toàn quốc, nam sinh đăng ký ngay.\r\n\r\nNăm nay, Lưu có hơn 4 tháng ôn luyện cùng đội tuyển của trường với tần suất 4 buổi một tuần. Ngoài ra, Lưu dành 1-2 tiếng tự học mỗi tối. Nam sinh cho hay luôn học lý thuyết trước, rồi luyện đề và giải bài tập. Thấy chưa vững phần nào, Lưu nghiền ngẫm, tìm thêm tài liệu, chuyên đề nâng cao để tìm ra phương pháp làm.\r\n\r\nDo đặc thù trường quân đội, học viên phải học tập, rèn luyện theo quy định. Vì thế, thời gian tự học của Lưu không được nhiều như sinh viên các trường khác. Để học hiệu quả, Lưu cho hay cần biết cách sắp xếp thời gian và tập trung cao độ.\r\n\r\nTrung úy Dương Huy Hoàng, Phó đại đội trưởng Đại đội Kỹ sư quân sự chất lượng cao, đánh giá Lưu có thế mạnh ở việc này. Thời gian chuẩn bị thi Olympic Toán, Lưu tranh thủ buổi tối để ôn luyện thêm.\r\n\r\n\"Có những hôm sau giờ sinh hoạt, Lưu xin phép ở lại phòng học một mình để luyện đề, tự ghi chú và tìm hiểu tài liệu nâng cao\", anh Hoàng kể. Ngoài ra, anh đánh giá cao Lưu ở tinh thần khiêm tốn, chín chắn, luôn sẵn sàng hỗ trợ người khác.\r\n\r\nNhờ rèn luyện mỗi ngày, Lưu bình tĩnh bước vào kỳ thi. Trước giờ bắt đầu khoảng 30 phút, ban tổ chức thông báo thí sinh không được dùng máy tính, Lưu nhận thấy sẽ gặp nhiều khó khăn nhưng không hoang mang.\r\n\r\n\"Môn Đại số cần tính toán nhiều. Không có máy tính thì việc tính toán sẽ chậm hơn một chút. Nhưng mình từng luyện giải đề mà không dùng máy rồi nên thấy không vấn đề gì\", Lưu cho hay.\r\n\r\nNam sinh đánh giá đề năm nay khó và có tính thực tế cao hơn năm trước. Lưu hoàn thành cả 5 bài trong ba tiếng. Nhưng khi ra khỏi phòng thi, Lưu phát hiện sai ít nhất một câu trong bài tổ hợp.\r\n\r\n\"Mình hơi tiếc vì không đạt 24-25 điểm như kỳ vọng\", Lưu nói.\r\nTrở về trường sau kỳ thi Olympic Toán học toàn quốc, Lưu giữ thói quen tự học, Với môn Toán, Lưu cho rằng cần có sự yêu thích, tìm tòi, tư duy logic mới có thể học tốt. Lưu thường giải nhiều bài toán, chơi cờ vua, cờ tướng để rèn luyện tư duy. Dù vậy, nam sinh không có ý định dự thi Olympic Toán học vào năm sau.\r\n\r\n\"Mình sẽ tập trung học các môn chuyên ngành, nâng cao khả năng tiếng Anh và dành thời gian tham gia nghiên cứu khoa học\", Lưu nói.', '2025-04-26 15:47:05', 'Screenshot 2025-04-22 023242.png', 1, 4, 'Nguyễn Trà My'),
(4, 'Không giỏi máy tính có học được ngành Khoa học dữ liệu không?', 'Em thích Khoa học dữ liệu nhưng lo ngành này khó và cần giỏi máy tính.\r\n\r\nNăm nay em học lớp 12, dự định theo ngành Khoa học dữ liệu của Đại học Kinh tế. Hiện AI (trí tuệ nhân tạo) và công nghệ thông tin rất phát triển. Em lại đam mê kinh tế nên kỳ vọng vào ngành này.\r\n\r\nTuy nhiên, em lăn tăn nếu không giỏi lắm về máy tính thì có học được không? Mong mọi người cho em lời khuyên.', '2025-04-26 15:48:04', 'khdl.jpg', 0, 4, 'Nguyễn Trà My'),
(5, 'ĐH Khoa học Tự nhiên Hà Nội lần đầu tuyển sinh ngành Công nghệ bán dẫn', 'Trường Đại học Khoa học Tự nhiên, Đại học Quốc gia Hà Nội, lần đầu tuyển sinh chương trình Công nghệ bán dẫn với 140 chỉ tiêu, bằng 7 tổ hợp.\r\n\r\nĐại học Quốc gia Hà Nội ngày 19/4 cho biết ngành Công nghệ bán dẫn của trường Đại học Khoa học Tự nhiên sẽ xét tuyển theo điểm thi tốt nghiệp THPT ở các tổ hợp: A00 (Toán, Lý, Hóa), A01 (Toán, Lý, Anh), A02 (Toán, Lý, Sinh), B00 (Toán, Hóa, Sinh), C01 (Toán, Lý, Văn), C02 (Toán, Hóa, Văn) và D07 (Toán, Hóa, Anh).\r\n\r\nNgoài ra, trường dự kiến dùng một số phương thức khác, gồm: xét tuyển thẳng và ưu tiên xét tuyển; dựa vào điểm bài thi đánh giá năng lực HSA của Đại học Quốc gia Hà Nội; xét chứng chỉ quốc tế (SAT, A-Level, ACT); kết hợp điểm thi tốt nghiệp và chứng chỉ ngoại ngữ quốc tế.\r\n\r\nChương trình đào tạo Công nghệ bán dẫn của trường Khoa học Tự nhiên được chia làm ba định hướng: Công nghệ chế tạo linh kiện bán dẫn và IC, Công nghệ đóng gói và kiểm thử linh kiện bán dẫn, Công nghệ vật liệu bán dẫn.\r\n\r\nDù lần đầu tuyển sinh, thực tế trường Đại học Khoa học Tự nhiên đã đào tạo các ngành liên quan bán dẫn hàng chục năm qua. Đây cũng là trường đầu tiên ở Việt Nam có chương trình liên kết quốc tế đào tạo thạc sĩ Công nghệ bán dẫn, từ năm 2019.\r\n\r\nSinh viên tốt nghiệp có cơ hội làm việc tại các công ty hàng đầu về sản xuất chip và linh kiện bán dẫn như Micron, Intel, Foxconn, Samsung Electronics, LG Display, Canon, Nissan hay các tập đoàn công nghệ cao như FPT, Viettel, VNPT.\r\nTheo tính toán của các nhà quản lý, đến năm 2030, ngành công nghiệp bán dẫn của Việt Nam cần khoảng 15.000 kỹ sư cho khâu thiết kế và 35.000 nhân lực ở công đoạn sản xuất và đóng gói kiểm tra.\r\n\r\nĐứng trước nhu cầu lớn, nhiều đại học dự kiến mở chuyên ngành vi mạch bán dẫn trong năm nay như Đại học Việt Nhật, Sư phạm Hà Nội với chỉ tiêu khoảng 100-120 sinh viên ở mỗi trường.', '2025-04-26 15:50:11', 'Screenshot 2025-04-22 022838.png', 2, 4, 'Nguyễn Trà My'),
(6, 'Nữ sinh Việt trong top 4 học bổng 100% đại học Australia', 'Khởi nghiệp với cây chè, cùng điểm học bạ đạt 9,9/10, Thanh Tú là một trong 4 học sinh trên thế giới giành học bổng 100% học phí của Đại học Monash.\r\n\r\nChu Thanh Tú, học sinh lớp 12 Anh 1, trường THPT Hà Nội - Amsterdam, biết tin được học bổng Monash International Leadership, hôm 17/4. Theo thông tin trên website, mỗi năm, Đại học Monash cấp 4 suất này cho sinh viên quốc tế.\r\n\r\n\"Em hạnh phúc vô cùng. Em trúng tuyển ngành Thương Mại\", Tú nói, cho biết học bổng có ý nghĩa lớn, giúp giảm áp lực tài chính cho gia đình khi em du học. Trên bảng xếp hạng QS 2025, Đại học Monash ở vị trí 37 thế giới và thứ 5 tại Australia.\r\n\r\nNgoài ra, Tú còn giành học bổng cho sinh viên quốc tế của Đại học Sydney, đỗ Đại học Melbourne và Queensland, đều ở Australia.\r\n\r\nTú bắt tay chuẩn bị hồ sơ từ năm lớp 9, tập trung học và tích cực hoạt động ngoại khóa. Nhờ nỗ lực và có kế hoạch, em đạt điểm trung bình học tập (GPA) 9,9/10, chứng chỉ SAT 1590/1600 và IELTS 8.0.\r\n\r\nVới hoạt động ngoại khóa, dự án nổi bật của nữ sinh là kết hợp phân phối sản phẩm chè xanh, năm 2022.\r\n\r\nTú cho hay gia đình có vườn chè ở Thạch Thất. Thỉnh thoảng, em về hái lá chè xanh mang bán cho các gia đình ở chung cư. Trong một lần cùng mẹ tới quán của một nghệ nhân trà ở Thái Nguyên, Tú được nghe chia sẻ về văn hóa trà của người Việt, về tình yêu với cây chè và các sản phẩm từ nó. Được truyền cảm hứng, em và anh trai nảy ra ý tưởng làm dự án về trà.\r\n\r\nEm cho biết mục tiêu chính là lan tỏa văn hóa uống trà của người Việt đến giới trẻ, trở thành cầu nối giúp nông dân đưa sản phẩm sạch đến người tiêu dùng. Ngoài ra, em cũng quan tâm đến matcha (bột lá chè xanh nghiền mịn) - một sản phẩm nổi tiếng của Nhật Bản.\r\n\r\nTú liền đến một hợp tác xã ở Thái Nguyên, được công nhân hướng dẫn chăm sóc cây chè và tự tay tham gia từng khâu ở xưởng để hiểu quy trình sản xuất. Sau buổi đó, anh em Tú đăng ký thành lập doanh nghiệp xã hội Máttrà, nhờ bố đứng tên vì chưa đủ 18 tuổi. Hợp tác xã sẽ phụ trách khâu sản xuất, còn Tú và anh phân phối sản phẩm.\r\n\r\n\"Máttrà (matcha) vừa là đồ uống yêu thích, vừa mang nghĩa trà xanh mát lành\", Tú giải thích, cho biết tự thiết kế logo cho sản phẩm.\r\n\r\nAnh em Tú được bố mẹ hỗ trợ vốn và đầu tư máy sao chè để tổ chức buổi giới thiệu văn hóa trà Việt cho học sinh, sinh viên tại vườn chè của gia đình. Theo nữ sinh, bố mẹ động viên và tạo điều kiện, còn hai anh em tự lên kế hoạch và thực hiện.\r\n\r\n\"Khó nhất là quảng bá và tiêu thụ sản phẩm\", Tú nói.\r\n\r\nNăm 2023, sản phẩm matcha ra đời, nữ sinh bán qua Facebook cá nhân, Shopee và mang tới các hội chợ. Mỗi gói 100 gram có giá 140.000 đồng. Tuy nhiên, các đơn hàng không nhiều, cả tuần chỉ 1-2 đơn, theo Tú là bởi có quá nhiều sản phẩm tương tự, giá cả lại cạnh tranh.\r\n\r\nBuồn và hụt hẫng song trải nghiệm giúp Tú hiểu rằng khởi nghiệp và kinh doanh phải đối mặt với nguy cơ thất bại, quan trọng là đứng lên từ đó. Nữ sinh tiếp tục tìm hiểu các kênh giới thiệu sản phẩm, xây dựng tệp khách hàng ổn định, chủ yếu là bạn bè, người quen của gia đình, có nhu cầu sử dụng bột matcha để uống hoặc làm bánh.\r\n\r\nTú cho biết lợi nhuận được dùng làm từ thiện. Em quay về vùng nguyên liệu Thái Nguyên, trao học bổng trị giá mỗi suất một triệu đồng cho 10 em nhỏ có hoàn cảnh khó khăn. Năm ngoái, em trích 5 triệu đồng hỗ trợ một bệnh nhi ở Điện Biên xuống Hà Nội chữa bệnh.\r\n\r\n\"Em muốn làm từ thiện bằng chính sức lao động của mình\", Tú chia sẻ.\r\n\r\nTú cũng gửi dự án tham gia cuộc thi phát minh sáng chế quốc tế INOVA Croatia 2024 và giành giải vàng hạng mục khởi nghiệp. Đây cũng là điểm nhấn trong hồ sơ ứng tuyển các đại học Australia của Tú.\r\n\r\nĐại học Monash không yêu cầu ứng viên viết bài luận, xét học bổng dựa trên điểm số cùng hoạt động ngoại khóa. Trong cuộc phỏng vấn với trường hồi đầu tháng 4, nữ sinh được hỏi về những đóng góp cho cộng đồng. Tú ấn tượng khi được hỏi: \"Nếu được học bổng, em sẽ làm gì cho Monash?\".\r\n\r\nNữ sinh nói vì không phải lo đóng học phí nên có nhiều thời gian tập trung cho việc học. Kết quả tốt sẽ góp phần quảng bá cho hình ảnh của trường. Ngoài ra, em sẽ lập các kênh để chia sẻ về cuộc sống, kinh nghiệm học tập, giành học bổng giúp nhiều người biết tới Monash hơn.\r\n\r\nCô Kate Phạm, cố vấn của Tú, cho biết ngoài điểm số, hồ sơ của em khác biệt ở hoạt động ngoại khóa, cụ thể là dự án về trà. Điều này khớp với tiêu chí cấp học bổng của Đại học Monash, để tìm kiếm ứng viên có tố chất lãnh đạo, không chỉ học tốt mà còn dám nghĩ, dám làm và giúp đỡ cộng đồng.\r\n\r\nCuối tháng 7 tới, Tú sẽ sang Australia nhập học. Em mong tìm học bổng để học lên thạc sĩ sau tốt nghiệp. Với dự án chè, Tú tính tuyển nhân sự hỗ trợ, còn mình và anh điều hành từ xa.', '2025-04-26 15:51:34', 'Screenshot 2025-04-22 031320.png', 1, 4, 'Nguyễn Trà My'),
(7, 'Chàng trai lấy hai bằng Bách khoa TP HCM trong 3,5 năm', 'Từ học sinh trường làng, xếp áp chót lớp, Tiến bứt phá để đỗ vào Đại học Bách khoa TP HCM và lấy hai bằng cử nhân trong 3,5 năm, thuộc diện hiếm.\r\n\r\nLý Thành Tiến, sinh viên song ngành Kỹ thuật Tàu thủy - Hàng không, trường Đại học Bách khoa TP HCM, hoàn thành chương trình sớm 1,5 năm với bằng loại khá, điểm GPA 3,1/4.\r\n\r\n\"Em từng xếp 35/42 trong lớp ở phổ thông. Đến nay, em mới có chút tự hào và tin vào năng lực của mình\", Tiến chia sẻ.\r\n\r\nTiến là cựu học sinh trường THPT Tân Túc, huyện Bình Chánh, với điểm chuẩn lớp 10 thuộc nhóm thấp nhất TP HCM. Em kể thời phổ thông rất lười học, cốt chỉ để qua môn, lên lớp. Năm lớp 10 và 11, Tiến xếp loại trung bình khá.\r\nBước ngoặt đến với Tiến vào hè năm lớp 11, khi tình cờ xem video chia sẻ công việc của Youtuber Thỏ Hoàng, nhân viên bảo dưỡng máy bay, cựu sinh viên ngành Kỹ thuật hàng không, Đại học Bách khoa TP HCM.\r\n\r\nTò mò và thích thú, Tiến tìm hiểu và nhận định bảo dưỡng máy bay là công việc mình muốn gắn bó. Em xác định phải học ngành Kỹ thuật hàng không và Bách khoa là nguyện vọng duy nhất.\r\n\r\n\"Em nghĩ trước đây mình lười học vì không có định hướng tương lai, không đam mê lĩnh vực hay công việc gì. Giờ, em có động lực để thay đổi\", Tiến nói.\r\n\r\nBiết để cạnh tranh vào Bách khoa không dễ dàng trong khi học lực trung bình, nam sinh xác định đây là hành trình gian nan. Tiến lao đầu vào học thêm Toán, Lý, Hóa, đọc lại sách giáo khoa hay hỏi bài bạn bè, thầy cô để lấy lại kiến thức đã mất gốc.\r\n\r\nSuốt mùa hè lớp 11, lịch học của em dày đặc từ 7h sáng đến tận 10h đêm mới về đến nhà. Khi dần nắm vững kiến thức căn bản, Tiến thử sức với kỳ thi giải Toán bằng máy tính cầm tay và đạt giải ba năm lớp 12. Kết quả này tiếp thêm động lực, giúp em tự tin theo đuổi mục tiêu.\r\n\r\nĐể mở rộng cơ hội, nam sinh dành một tháng tự ôn thi đánh giá năng lực do Đại học Quốc gia TP HCM tổ chức và đạt điểm số 885/1.200, thừa 20 điểm so với chuẩn đầu vào song ngành Kỹ thuật Tàu thủy - Hàng không.\r\n\r\nThích học về hàng không nhưng với chương trình đại trà, sinh viên chỉ có lựa chọn học song ngành trong 5 năm nên Tiến quyết định \"liều thêm một phen\". Em cũng tìm hiểu và thấy hai ngành này chung kiến thức đại cương, cơ sở ngành, chỉ khác nhau nội dung năm cuối. Quá trình học, chương trình ngành tàu thủy cung cấp cho Tiến một số kiến thức và kỹ năng mà ngành Kỹ thuật hàng không ít có như làm việc trên bản vẽ.\r\n\r\nMuốn sớm tự lập tài chính, không dựa dẫm vào gia đình, Tiến xây dựng lộ trình học tập chi tiết. Nam sinh nghiên cứu kỹ chương trình đào tạo, quy chế đăng ký tín chỉ và các quy định học vụ, nhận thấy có thể rút ngắn thời gian đào tạo từ 5 xuống 3,5 năm.\r\n\r\n\"Để gia đình chu cấp 5 năm thì dài quá, em muốn mình đi làm sớm nhất có thể. Mỗi kỳ em đăng ký nhiều hơn các bạn 7-10 tín chỉ và tận dụng toàn bộ các học kỳ hè\", nam sinh cho biết.\r\n\r\nTiến kể chấp nhận hy sinh thời gian vui chơi, ít tham gia các hoạt động tập thể, câu lạc bộ để tập trung học. Mỗi ngày, mỗi tuần, em đều có kế hoạch cụ thể.\r\n\r\nCăng thẳng nhất là học kỳ 2 năm thứ ba, Tiến phải hoàn thành hai đồ án chuyên ngành tàu thủy và hàng không, vốn khó và nặng. Thông thường, sinh viên mất cả học kỳ để hoàn thành một đồ án.\r\nTheo dõi hành trình của Tiến, PGS.TS Lý Hùng Anh, giảng viên bộ môn Kỹ thuật hàng không, cho biết đây là trường hợp hiếm có khi tốt nghiệp sớm đến 3 học kỳ với mức điểm suýt soát loại giỏi (3.2/4) .\r\n\r\nÔng nhận định sinh viên phải sắp xếp lịch học rất khoa học vì đa số môn chuyên ngành chỉ mở một lần trong năm. Tiến chủ động, biết cách tận dụng các học kỳ hè để học môn chung và dành nhiều thời gian chính khóa cho các môn chuyên ngành.\r\n\r\nThầy cho hay ngay từ năm thứ hai, Tiến đã chủ động xin làm đồ án. Nam sinh có khả năng tự học, tự nghiên cứu tài liệu bằng tiếng Anh, tìm tòi giải quyết vấn đề rất tốt. Hiện, Tiến cũng có một bài báo nghiên cứu trong quá trình chỉnh sửa để đăng tạp chí quốc tế.\r\n\r\n\"Nhận thấy khả năng của Tiến, tôi gợi ý học bổng để em tiếp tục đi học thạc sĩ ở nước ngoài. Tuy nhiên, Tiến mong muốn đi làm sớm để va chạm thực tế nhiều hơn. Tôi hướng dẫn thêm cho em một số nội dung để mở rộng cơ hội\", thầy cho hay.\r\n\r\nTiến nhận định tốt nghiệp sớm 3 học kỳ là cột mốc ý nghĩa, minh chứng cho những nỗ lực của em nhưng đây chỉ là bước khởi đầu.\r\n\r\n\"Em vừa trúng tuyển vị trí kỹ sư bảo dưỡng máy bay tại một hãng hàng không trong nước. Môi trường công việc, cuộc sống sẽ có nhiều điều để em học hỏi, nâng cao tay nghề, chuyên nghiệp hơn\", Tiến chia sẻ.\r\n\r\nThời gian tới, Tiến sẽ học thêm các chứng chỉ kỹ thuật bảo dưỡng máy bay và rèn tính kỷ luật trong làm việc, an toàn lao động. Theo Tiến, ngành hàng không yêu cầu độ chính xác và an toàn rất cao. Mỗi công việc dù nhỏ nhất cũng cần được thực hiện đúng theo tài liệu kỹ thuật và quy trình đã được phê duyệt.\r\n\r\nTiến mong trở thành một kỹ thuật viên bảo dưỡng tay nghề cao, có thể đảm nhận vai trò lớn hơn như giám sát hoặc kỹ sư phụ trách nhóm bảo dưỡng.', '2025-04-26 15:55:21', 'Screenshot 2025-04-26 225509.png', 3, 4, 'Nguyễn Trà My'),
(8, 'Tổng thống Trump thúc đẩy đào tạo nghề không cần bằng đại học', 'Nước Mỹ chuyển hướng đầu tư vào đào tạo những nghề không đòi hỏi bằng đại học, theo một sắc lệnh do Tổng thống Trump ký ngày 23/4.\r\n\r\nĐây được coi là nỗ lực hồi sinh ngành sản xuất của Mỹ.\r\n\r\nCuộc chiến thuế quan mà ông Trump khởi xướng được cho có thể khiến người tiêu dùng Mỹ chuyển sang mua hàng sản xuất trong nước. Tuy nhiên, trong nhiều thập kỷ qua, nước Mỹ đào tạo ngày càng ít công nhân nhà máy, còn số lượng người nghỉ hưu tăng lên và các chính sách siết chặt nhập cư đang làm cạn kiệt nguồn tuyển.\r\n\r\nSắc lệnh cũng nhằm điều chỉnh hướng đi của các cơ quan chính phủ Mỹ, giảm sự tập trung quá mức vào đại học và cao đẳng, mà chuyển sang hỗ trợ ngành nghề kỹ thuật như thợ điện, thợ tiện và trợ lý điều dưỡng. Những công việc này đòi hỏi quá trình đào tạo bài bản, chứng chỉ và thời gian học việc, nhưng không yêu cầu bằng đại học.\r\n\r\nCác Bộ Lao động, Giáo dục và Thương mại cũng được yêu cầu chú ý vào việc làm trong ngành công nghiệp mới nổi, gồm cả những ngành được thúc đẩy bởi trí tuệ nhân tạo, với mục tiêu hỗ trợ hơn 1 triệu chương trình học nghề mỗi năm.\r\n\r\n\"Sau nhiều năm đưa người Mỹ vào một hệ thống giáo dục đại học không mang lại hiệu quả kinh tế, Tổng thống Trump sẽ tái tập trung vào việc chuẩn bị nghề nghiệp cho giới trẻ Mỹ\", Reuters trích bản tóm tắt.\r\nHiện chưa rõ kế hoạch này sẽ được phân bổ bao nhiêu tiền nhưng mục tiêu là chuyển hướng \"nguồn quỹ ra khỏi các chương trình kém hiệu quả\", theo một nguồn tin am hiểu.\r\n\r\nTrong cuộc bầu cử tổng thống năm ngoái, ông Trump giành được 56% số phiếu bầu từ những cử tri không có bằng đại học. Gần đây, ông thường xuyên chỉ trích các đại học hàng đầu, đe dọa cắt tài trợ nghiên cứu và các khoản khấu trừ thuế của họ, đồng thời cáo buộc một số trường bị chi phối bởi tư tưởng bài Do Thái. Nhiều đại học, gồm Harvard, phản ứng vì cho rằng đây là sự can thiệp chính trị.', '2025-04-26 15:56:43', 'Screenshot 2025-04-26 225634.png', 2, 4, 'Nguyễn Trà My'),
(9, 'Trường Đại học FPT tiếp sức sinh viên khởi nghiệp tại trường học', 'Trường Đại học FPT, Tập đoàn FPT, kiến tạo hệ sinh thái thực tiễn, khuyến khích sinh viên vận hành doanh nghiệp và tạo cơ hội gọi vốn ngay trên giảng đường.\r\n\r\nNgày 24/4, trường Đại học FPT ký thỏa thuận hợp tác với Trung tâm Đổi mới sáng tạo Quốc gia (NIC), đánh dấu bước tiến chiến lược trong hành trình xây dựng hệ sinh thái khởi nghiệp cho sinh viên.\r\n\r\nTheo thỏa thuận, hai bên phối hợp triển khai chuỗi hoạt động như trao đổi chuyên gia, tổ chức sự kiện khởi nghiệp, hỗ trợ phát triển dự án kinh doanh và kêu gọi đầu tư. Sinh viên có cơ hội \"chạy thử\" mô hình doanh nghiệp, nhận hỗ trợ tài chính và kết nối nhà đầu tư ngay trong quá trình học.\r\n\r\nHợp tác này hướng đến mục tiêu hỗ trợ sinh viên phát triển dự án kinh doanh từ ý tưởng đến thực tiễn, thông qua các hoạt động như tổ chức sự kiện khởi nghiệp, kết nối chuyên gia, nhà đầu tư và đào tạo chuyên sâu. Mô hình \"học trong khởi nghiệp, khởi nghiệp trong học tập\" trở thành đặc trưng tại trường Đại học FPT.\r\nTiến sĩ Nguyễn Khắc Thành - Hiệu trưởng trường Đại học FPT, Tập đoàn FPT, nhấn mạnh đổi mới sáng tạo và khuyến khích tinh thần khởi nghiệp là kim chỉ nam trong mọi hoạt động của trường. Hợp tác cùng NIC mở ra nhiều cơ hội cho sinh viên từ việc tiếp cận hệ sinh thái khởi nghiệp năng động đến tham gia trực tiếp vào các dự án đổi mới có tầm ảnh hưởng.\r\n\r\n\"Với sự đồng hành của NIC, Trường Đại học FPT sẽ tiếp tục ươm mầm và phát triển những tài năng trẻ, góp phần xây dựng nguồn nhân lực chất lượng cao cho quốc gia\", ông nói.\r\n\r\nÔng Vũ Quốc Huy - Giám đốc NIC cũng đánh giá Trường Đại học FPT là ngôi trường đặc biệt, gắn kết chặt chẽ giáo dục và thực tiễn, phù hợp với chủ trương phối hợp nhà trường, nhà doanh nghiệp, nhà quản lý.\r\n\r\nTrên thực tế, trường Đại học FPT định hướng phát triển tinh thần khởi nghiệp cho sinh viên trong nhiều năm. Đến năm 2023, chương trình khởi nghiệp được tích hợp vào khung đào tạo chính thức với hai học phần bắt buộc \"Trải nghiệm khởi nghiệp 1 và 2\" trong ba học kỳ cuối.\r\n\r\nSinh viên có dự án khởi nghiệp xuất sắc được công nhận để thay thế đồ án tốt nghiệp, nhận hỗ trợ tài chính đến 50 triệu đồng mỗi dự án từ trường Đại học FPT để triển khai. Riêng từ năm 2024 tới nay, trường hỗ trợ hơn 5 tỷ đồng cho 125 nhóm dự án khởi nghiệp của sinh viên trên toàn quốc.\r\nNgoài ra, trường xây dựng hệ sinh thái khởi nghiệp qua các cuộc thi F-Shark, Student Showcase, FPT Edu Biz Talent... Tại đây, sinh viên trình bày ý tưởng, phản biện trước hội đồng chuyên gia, gọi vốn và hiện thực hóa sản phẩm. Trên hành trình này, nhà trường, các giảng viên, doanh nhân, nhà đầu tư sẽ đồng hành, cố vấn, hỗ trợ từ bước xây dựng ý tưởng, thử nghiệm đến thương mại hóa. Điều này giúp sinh viên tự tin khởi nghiệp vì luôn có một hệ sinh thái hỗ trợ vững chắc phía sau.\r\n\r\nVới định hướng giáo dục tiên phong, chiến lược hỗ trợ khởi nghiệp toàn diện cho sinh viên cùng với sự đồng hành của NIC, trường Đại học FPT đang từng bước hiện thực hóa khát vọng trở thành nơi ươm mầm doanh nhân trẻ, góp phần phát triển nền kinh tế sáng tạo Việt Nam.', '2025-04-26 15:58:43', 'Screenshot 2025-04-26 225835.png', 1, 4, 'Nguyễn Trà My'),
(10, 'Thủ khoa tốt nghiệp sớm với điểm cao kỷ lục Bách khoa TP HCM', 'Gia Hy tốt nghiệp sớm nửa năm với GPA 4.0, IELTS 8.0, là lần đầu tiên trong lịch sử trường Đại học Bách khoa TP HCM.\r\n\r\nTrong hơn 1.000 sinh viên nhận bằng tốt nghiệp ngày 25/4 của Đại học Bách khoa TP HCM, Lã Nguyễn Gia Hy, 22 tuổi, sinh viên khoa Khoa học và Kỹ thuật máy tính, dẫn đầu về điểm trung bình (GPA), được trao huy chương vàng.\r\n\r\n\"Em hoàn tất chương trình cuối năm ngoái và biết điểm GPA 4.0 trước Tết, lúc đó rất vui nhưng không bất ngờ vì đây là mục tiêu trong kế hoạch\", Hy kể.\r\n\r\nĐại diện phòng Đào tạo cho hay trước Hy, trường từng có sinh viên đạt điểm 4.0 nhưng không tốt nghiệp sớm.\r\n\r\nXuất thân là học sinh chuyên Toán trường Phổ thông Năng khiếu, Đại học Quốc gia TP HCM, Hy được tuyển thẳng Đại học Bách khoa bằng giải nhì học sinh giỏi toàn quốc.\r\n\r\nNam sinh kể thời điểm chọn ngành học cũng là lúc chương trình máy tính chơi cờ vây Alphago của Google đánh bại kỳ thủ hàng đầu thế giới. Việc suy nghĩ, tính toán nước cờ vốn được xem là một trong những thử thách phức tạp nhất đối với máy tính nhưng Alphago đã làm được khiến Hy thán phục, quyết tâm tìm hiểu ngành này.\r\n\r\nSau này, sự xuất hiện của các mô hình AI tạo sinh như ChatGPT hay Deepseek càng khiến em tò mò và muốn đi sâu vào định hướng Trí tuệ nhân tạo trong ngành Khoa học máy tính.\r\nĐặt chân vào Bách khoa, Hy xác định không có đường tắt cho việc học. Em lên kế hoạch học tập, tận dụng thời gian để duy trì kết quả tốt nhưng không phải học \"bạt mạng\", thâu đêm suốt sáng. Nam sinh duy trì sự cân bằng và tinh thần tích cực nhờ dành thời gian đọc sách, nghe nhạc mỗi ngày và chơi thể thao vào cuối tuần.\r\n\r\nThời gian hè, Hy chủ động xem qua một lượt các môn cơ sở và chuyên ngành. Đến khi vào học chính thức, em có thêm một lần \"sơ duyệt\", giúp ôn thi cuối kỳ nhẹ nhàng hơn, có thời gian cho các bài tập lớn.\r\n\r\n\"Em lên kế hoạch trong kỳ I, kỳ II sẽ đăng ký những môn nào. Mỗi môn đều có thông tin giáo trình, tài liệu, nên em lên mạng học trước\", nam sinh chia sẻ.\r\n\r\nHy cho biết đa số thầy cô ở Bách khoa đều có slide bài giảng khi đi dạy. Nhiều bạn chọn ôn theo tài liệu này vì \"cô đọng\" hơn giáo trình. Nhưng em chọn đọc kỹ giáo trình. Mỗi cuốn dày khoảng 400-500 trang, Hy tập trung vào các chương được giảng trên lớp, kết hợp với slide để hiểu bài một cách toàn diện.\r\n\r\nEm chủ động tìm thêm tài liệu từ YouTube và làm đề thi của các trường khác để mở rộng góc nhìn. Nhờ đó, Hy duy trì điểm số cao, đạt học bổng khuyến khích học tập của trường ở cả 6 học kỳ đã qua.\r\n\r\n\"Không phải môn nào mình cũng thích và hứng thú tìm hiểu, đào sâu. Nhưng em đều đặt kỷ luật cho bản thân, mỗi ngày xem thêm được bao nhiêu trang giáo trình, làm thêm được bao nhiêu bài tập\", Hy nói.\r\n\r\nTheo Hy, để tốt nghiệp sớm, sinh viên cần tìm hiểu kỹ quy chế học vụ và chương trình học của ngành để xây dựng lộ trình phù hợp. Nam sinh lấy ví dụ trường yêu cầu hoàn thành đồ án chuyên ngành trước khi làm đồ án tốt nghiệp, nên em thực hiện đồ án chuyên ngành sớm vào học kỳ 2 của năm thứ ba.\r\n\r\nNam sinh kể đây là giai đoạn căng thẳng nhất trong thời đại học. Em cùng lúc làm đồ án chuyên ngành, tìm nơi thực tập và học Nguyên lý ngôn ngữ lập trình - môn khó nhất trong chương trình. Đây là môn duy nhất Hy không đạt điểm A (8,5 điểm trở lên).\r\n\r\nNhờ hoàn thành sớm, học kỳ cuối của Hy nhẹ nhàng hơn, chỉ cần hoàn thành 7 tín chỉ, bao gồm đồ án tốt nghiệp. Em tận dụng cơ hội này để học cải thiện cả 6 môn chính trị, xã hội, đều đạt điểm A.\r\n\r\nĐiều khiến Hy tiếc nuối là đã không tham gia nghiên cứu khoa học sớm hơn. Phải đến cuối năm thứ ba, nam sinh mới bắt đầu nghiên cứu, thực hiện hệ thống chatbot tư vấn tuyển sinh của trường và hệ thống phân loại rác thải bằng AI.\r\nPGS.TS Quản Thành Thơ, Trưởng khoa Khoa học và Kỹ thuật Máy tính, đánh giá Hy là sinh viên xuất sắc. Em có nền tảng kiến thức tốt, khả năng tự học cao và luôn nghiêm túc trong học tập cũng như nghiên cứu.\r\n\r\nKhi tham gia nhóm nghiên cứu cùng thầy, nam sinh thể hiện sự chủ động và cầu tiến rõ rệt. Hy tự tìm hiểu nhiều tài liệu chuyên sâu, nắm bắt vấn đề nhanh và không ngại đề xuất những hướng tiếp cận mới.\r\n\r\nĐề tài của Hy giải quyết một bài toán đang thu hút nhiều sự chú ý của cộng đồng nghiên cứu, khai thác đồ thị tri thức vào các hệ thống mô hình ngôn ngữ lớn để tăng độ chính xác của tri thức dùng để trả lời người hỏi. Dù vẫn trong giai đoạn đầu, em đã cho thấy tiềm năng nghiên cứu rất tốt.\r\n\r\n\"Tôi đánh giá cao tinh thần học hỏi, khả năng làm việc độc lập và đặc biệt là thái độ nghiêm túc, trách nhiệm mà em thể hiện trong suốt quá trình làm việc cùng nhóm\", PGS.TS Thơ nhận xét.\r\n\r\nVới định hướng học lên tiến sĩ chuyên ngành Trí tuệ nhân tạo, Hy đang nộp hồ sơ ứng tuyển một số đại học châu Á, châu Âu, Mỹ. Nam sinh ưu tiên các chương trình thạc sĩ hoặc tiến sĩ có học bổng toàn phần.\r\n\r\n\"Em cố gắng mở rộng phạm vi ứng tuyển để tăng cơ hội, chỉ cần có môi trường học tập phù hợp và cơ hội học bổng, thì em đều nỗ lực để theo đuổi\", Hy nói.\r\n\r\nTrong thời gian chờ kết quả, nam sinh tập trung phát triển khả năng đọc hiểu tài liệu học thuật, viết báo khoa học và giao tiếp học thuật bằng tiếng Anh nhằm bù đắp cho sự thiếu hụt trong nghiên cứu khoa học thời sinh viên.', '2025-04-26 16:02:29', 'Screenshot 2025-04-26 230223.png', 1, 4, 'Nguyễn Trà My'),
(11, 'Học viện Kỹ thuật quân sự tuyển hệ dân sự ở 8 ngành', 'Học viện Kỹ thuật quân sự (MTA) tuyển 600 sinh viên đại học hệ dân sự ở 8 ngành, với 4 phương thức và 3 tổ hợp; học phí 1,85 triệu đồng một tháng.\r\n\r\nTheo thông báo sáng nay, 8 ngành tuyển hệ dân sự gồm: Công nghệ thông tin, Khoa học máy tính, An toàn thông tin, Kỹ thuật điện tử - viễn thông, Kỹ thuật điều khiển và tự động hóa, Kỹ thuật cơ điện tử, Kỹ thuật cơ khí và Kỹ thuật xây dựng.\r\n\r\nBốn phương thức được Học viện Kỹ thuật quân sự dùng xét tuyển. Đó là: xét tuyển thẳng và ưu tiên xét tuyển theo quy định của Bộ Giáo dục và Đào tạo; xét học sinh giỏi THPT, có chứng chỉ quốc tế như SAT, ACT, IELTS, TOEFL iBT; dựa vào điểm thi đánh giá năng lực của hai đại học quốc gia và xét điểm thi tốt nghiệp THPT.\r\n\r\nCác tổ hợp xét tuyển gồm A00 (Toán, Lý, Hóa), A01 (Toán, Lý, Anh) và A0T (Toán, Lý, Tin), tương tự với hệ quân sự.\r\n\r\nVới điểm thi đánh giá năng lực của hai đại học quốc gia (thang điểm 150 và 1200), Học viện Kỹ thuật quân sự sẽ quy đổi về thang 30, căn cứ dữ liệu điểm thi tốt nghiệp và kết quả học tập của học viên khóa trước, theo hướng dẫn của Bộ.\r\nHọc viện Kỹ thuật quân sự từng tuyển sinh hệ dân sự từ năm 2002 nhưng dừng từ năm 2019 theo chủ trương đổi mới, sắp xếp tổ chức các đơn vị quân đội. Trước nhu cầu nhân lực chất lượng cao, Bộ Quốc phòng cho phép trường quay lại đào tạo hệ dân sự từ năm nay.\r\n\r\nĐiểm khác biệt so với hệ quân sự là học viên không phải tham gia sơ tuyển tại ban chỉ huy quân sự cấp huyện, không được miễn học phí hay bố trí việc làm sau khi ra trường.\r\n\r\nDự kiến, học phí hệ dân sự tại Học viện Kỹ thuật quân sự năm nay là 1,85 triệu đồng một tháng. Trường có ký túc xá cho sinh viên thuộc diện chính sách.\r\n\r\nVới hệ quân sự, Học viện Kỹ thuật quân sự tuyển 360 học viên, trong đó 180 em được gửi đi đào tạo ở nước ngoài, 5 chỉ tiêu học liên kết với trường Đại học Khoa học Tự nhiên, Đại học Quốc gia Hà Nội. Hệ này đào tạo kỹ sư thuộc 50 chương trình ở 15 ngành. Thí sinh được phân ngành sau khi trúng tuyển.', '2025-04-26 16:05:01', 'Screenshot 2025-04-26 230447.png', 2, 4, 'Nguyễn Trà My'),
(12, 'VinFast, xe điện hóa, xe Trung Quốc khuấy động thị trường ôtô Việt đầu 2025', 'Ba tháng qua, những mẫu xe điện VinFast thống trị doanh số thị trường nói chung, bên cạnh đó là màn chào sân của nhiều mẫu xe Trung Quốc mới.\r\n\r\nTheo số liệu của Hiệp hội các nhà sản xuất ôtô Việt Nam (VAMA) và Hyundai Thành Công, thị trường quý đầu 2025 tiêu thụ 83.715 xe, tăng 22% so với cùng kỳ năm ngoái. Nếu cộng thêm 34.600 xe của VinFast, doanh số toàn ngành đạt 118.315 xe, tương đương gần 2.000 xe bán ra mỗi ngày và một xe bán ra mỗi phút.\r\n\r\nDoanh số thị trường khởi sắc đầu 2025 nhờ nhiều yếu tố. Trong đó, điểm nhấn chính là mức bán vượt trội VinFast so với các đối thủ và làn sóng đổ bộ của xe Trung Quốc. Thị trường cũng chứng kiến sức hút xe Hàn tiếp tục đi xuống, ngược lại là xu hướng xe điện hóa ngày càng tăng lên.\r\nTháng 3, doanh số của VinFast đạt hơn 12.100 xe. Không một hãng đối thủ nào đạt đến ngưỡng bán này, dù tính tổng cộng cả quý. Với 34.600 xe bán ra trong quý đầu, VinFast tạo ra khoảng cách tới 23.200 xe với đối thủ xếp gần nhất, Toyota, con số gấp gần 6 lần lượng bán trung bình tháng của hãng Nhật.\r\n\r\nSở hữu hệ sinh thái trạm sạc lớn nhất cả nước, VinFast chủ động trong cuộc chơi ở mảng xe điện. Cuối tháng 2 đầu tháng 3, VinFast thông báo ngừng chính sách thuê pin và giảm giá bán lẻ tất cả các dòng xe từ hàng chục đến hàng trăm triệu đồng.\r\n\r\nChính sách miễn phí sạc pin đến giữa 2027 kích thích nhu cầu sắm xe điện của người dân, đặc biệt với những khách hàng cá nhân muốn có xe để kinh doanh dịch vụ. Nhiều công ty chuyển sang dùng xe điện thay cho xe xăng, dầu để kinh doanh cũng giúp VinFast có thêm nguồn cung, tạo đà doanh số tăng mạnh. Vì vậy, doanh số của hãng này có phần đóng góp không nhỏ của các hãng kinh doanh taxi.\r\nVF 3 và VF 5 là hai mẫu xe bán chạy nhất của VinFast với doanh số lần lượt 12.900 xe và 10.700 xe. Lượng bán của VF 3 thậm chí lớn hơn các thương hiệu bán toàn bộ dải sản phẩm trong cả quý đầu 2025.\r\n\r\nTrong nửa sau 2025, VinFast sẽ giới thiệu hàng loạt sản phẩm mới của dòng Green với thiết kế và công năng tối ưu hóa cho mục đích kinh doanh dịch vụ. Hai trong số đó là Minio, mẫu xe siêu nhỏ giá 269 triệu đồng và Limo, MPV 7 chỗ giá 749 triệu đồng, lần đầu tiên xuất hiện tại Việt Nam.\r\n\r\nXe điện hóa tiếp tục nở rộ\r\n\r\nNgoài khía cạnh doanh số khi VinFast, thương hiệu chỉ bán xe điện, dẫn đầu toàn ngành và ba trong top 10 xe bán chạy cũng đều thuộc hãng này, mảng xe điện hóa tiếp tục đa dạng hóa lựa chọn ở quý đầu 2025. Nhiều sản phẩm ra mắt thị trường đều là dạng hybrid thực thụ hoặc thuần điện.\r\nSau CR-V và Civic, Honda tiếp tục \"hybrid hóa\" dải sản phẩm của hãng tại Việt Nam bằng chiếc HR-V nhập Thái Lan. Với ba sản phẩm hybrid, Honda hiện là thương hiệu có số lượng xe hybrid nhiều thứ hai thị trường phổ thông sau Toyota (6 xe hybrid).\r\n\r\nOmoda bán chiếc J7 ở phân khúc CUV cỡ C với hai lựa chọn. Trong đó, bản PHEV cao cấp nhất, giá ban đầu 999 triệu đồng. Sau đó, hãng giảm xuống còn 879 triệu đồng (áp dụng 18/4-31/7). Đối thủ cạnh tranh với J7 là mẫu xe đồng hương BYD Sealion (839-969 triệu đồng) vừa ra mắt giữa tháng 4. BYD bán giá đặc biệt 799-899 triệu đồng cho 1.000 khách đầu tiên mua Sealion 6.\r\n\r\nSealion 6 là mẫu xe hybrid đầu tiên của BYD tại Việt Nam, trước đó là loạt xe thuần điện. Hai phiên bản của Sealion 6 đều là loại PHEV.\r\n\r\nỞ phân khúc thấp hơn là CUV cỡ B+, nhà phân phối Thành An giới thiệu chiếc Haval Jolion chỉ lắp máy hybrid cho hai biến thể. Lựa chọn xe hybrid ở phân khúc này cho khách Việt trở nên phong phú hơn, bên cạnh Toyota Corolla Cross, Subaru Crosstrek. Đi cùng là các sản phẩm thuần điện như MG4 EV, VinFast VF 6, BYD Atto 3.\r\n\r\nXe Trung Quốc đổ bộ hàng loạt\r\n\r\nTrong ba tháng đầu 2025, khoảng 14 mẫu xe mới ra mắt khách Việt thì 11 trong số đó là đến từ các thương hiệu Trung Quốc. Porsche 911, Skoda Kodiaq và Peugeot 2008 là ba cái tên còn lại.\r\n\r\nKhách Việt có thêm nhiều lựa chọn khi Dongfeng giới thiệu bộ tứ sản phẩm, gồm Huge, Mage, E70, Box thuộc các phân khúc sedan, CUV/SUV, dùng động cơ đốt trong, hybrid và thuần điện. Geely giới thiệu chiếc CUV cỡ B Coolray nhập khẩu Malaysia, chưa kể EX5, Monjaro có kế hoạch bán vào giữa năm.\r\nNhóm xe gầm cao cỡ B trong quý đầu 2025 còn có tân binh Haval Jolion. Omoda C5 bổ sung thêm bản giá rẻ 539 triệu đồng. Jaecoo J7 gia nhập phân khúc CUV cỡ C.\r\n\r\nPhân khúc MPV thêm phần sôi động với sự góp mặt của MG G50 với giá bán bản số sàn MT chỉ 599 triệu đồng, ngang bằng những bản thấp của các mẫu MPV cỡ nhỏ.\r\n\r\nNgoài những sản phẩm kể trên, Thành An, nhà phân phối thương hiệu GWM còn mang về hàng loạt dòng xe mới như Haval M6, Tank 300 (SUV cỡ C), Tank 500 (SUV cỡ E), Wey 80 (MPV cỡ lớn). Tuy nhiên, công ty chưa nói rõ thời điểm bán ra.\r\n\r\nXe Hàn suy yếu\r\n\r\nDanh sách 10 mẫu xe bán chạy nhất thị trường quý I hoàn toàn vắng bóng xe Hàn. Hồi 2024, chỉ có Hyundai Accent còn trụ lại nhóm những sản phẩm ăn khách hàng đầu.\r\n\r\nXe Hàn vốn mạnh ở những phân khúc giá rẻ, kích thước nhỏ như hatchback cỡ A, sedan và CUV cỡ B. Nhưng cạnh tranh khốc liệt trên thị trường hai năm qua, đặc biệt khi các đối thủ Nhật thay đổi cách định vị sản phẩm với giá bán cạnh tranh hơn, và sự trỗi dậy của VinFast ở nhóm xe gầm cao cỡ nhỏ, siêu nhỏ, khiến xe Hàn mất dần lợi thế.\r\nThời hoàng kim của Kia K3, Kia Seltos, Kia Sonet, Hyundai i10, Hyundai Creta, doanh số thường từ 10.000 xe trở lên. Nhưng hiện cột mốc ấy, trừ Hyundai Accent, rất khó tái lập với những cái tên ăn khách hàng đầu của xe Hàn. Năm gần nhất là 2024, K3 bán 3.603 xe, Seltos - 6.829 xe, i10 - 5.831 xe, Creta - 8.640 xe.\r\n\r\nTừng thống trị phân khúc đang tăng trưởng nóng nhất thị trường, CUV cỡ B, Seltos, Creta giờ đây thất thế trước Mitsubishi Xforce, Toyota Yaris Cross. i10, K3 vẫn dẫn đầu phân khúc nhưng doanh số không còn đóng góp lớn vào thị phần chung của mỗi hãng. Nguyên nhân là xu hướng ưa chuộng xe gầm cao của khách Việt khiến thị phần những nhóm xe cỡ A, sedan cỡ C bị thu hẹp.', '2025-04-26 16:12:08', 'Screenshot 2025-04-22 034507.png', 2, 7, 'Nguyễn Trà My'),
(13, 'Mitsubishi khuyến mãi hàng loạt xe tháng 4', 'Chạy đua cùng các hãng như Toyota, Honda, Hyundai, thương hiệu Mitsubishi cũng giảm giá hàng loạt xe bằng hình thức ưu đãi lệ phí trước bạ.\r\n\r\nTháng 4 là tháng bắt đầu năm tài chính mới của nhiều hãng Nhật tại Việt Nam, trong đó có Mitsubishi. Tiếp nối đà tăng trưởng doanh số ở tháng 3, Mitsubishi tiếp tục khuyến mãi nhiều dòng xe để kích cầu tiêu dùng quý đầu 2025.\r\n\r\nTrừ Outlander và Pajero Sport, tất cả các mẫu xe của Mitsubishi còn lại, từ gầm thấp đến MPV hay gầm cao đều được ưu đãi 50% lệ phí trước bạ. Riêng bản MT của mẫu sedan Attrage có mức giảm giá tương đương 100% lệ phí trước bạ.\r\n\r\nVới giá bán 560-698 triệu đồng, mẫu xe chủ lực doanh số của Mitsubishi - Xpander (bao gồm bản Cross) - có mức giảm khoảng 28-35 triệu đồng. Những đối thủ cạnh tranh của Xpander như Honda BR-V, Suzuki XL7, Toyota Veloz cũng có mức giảm tương đương.\r\nMẫu CUV cỡ B bán chạy nhất phân khúc 2024, Mitsubishi là Xforce (599-705 triệu đồng) có mức khuyến mãi 32-35 triệu đồng. Đối thủ cạnh tranh số một của Xforce trong nhóm xe động cơ đốt trong, Toyota Yaris Cross, có mức giảm 28-33 triệu đồng.\r\n\r\nMẫu bán tải Triton (655-924 triệu đồng) giảm 20-28 triệu đồng nhờ ưu đãi 50% lệ phí trước bạ. Trên dòng Attrage, bản MT giá 380 triệu đồng giảm 38 triệu đồng nhờ ưu đãi 100% lệ phí trước bạ. Bản cao cấp nhất CVT Premium giá 490 triệu đồng giảm 24,5 triệu đồng.\r\n\r\nSau quý đầu 2025, doanh số Mitsubishi đạt gần 8.000 xe, tăng 31% so với cùng kỳ 2024. Lượng bán này giúp hãng Nhật đứng vị trí thứ 5 trên thị trường, sau các hãng như VinFast, Toyota, Hyundai và Ford.\r\n\r\nHai nhân tố \"X\" tiếp tục là sản phẩm chủ lực doanh số của Mitsubishi tại Việt Nam. Trong đó, Xpander, chiếc MPV bán chạy nhất tại Việt Nam góp khoảng 55% thị phần cho Mitsubishi, doanh số đạt 4.405 xe sau ba tháng đầu 2025. Còn lại là Xforce, mẫu xe gầm cao cỡ B bán 1.933 xe, góp 24% thị phần.', '2025-04-26 16:15:53', 'Screenshot 2025-04-22 034556.png', 0, 7, 'Nguyễn Trà My'),
(14, 'Nên mua Vision hay Future?', 'Tôi là nam, 22 tuổi, hàng ngày đi làm cách nhà 40 km cả đi về, đôi khi về quê hoặc chở bạn gái đi chơi xa. (An Thái)\r\n\r\nTôi cần mua xe Honda giá 32-40 triệu. Tôi phân vân giữa xe tay ga Vision cùng giá Future nhưng khác ở chỗ, Vision là xe tay ga nhưng chỉ 110 phân khối, còn Future xe số mà phân khối tận 125. Tôi không biết chọn xe nào cho vừa với tiêu chuẩn. Xin nhờ quý độc giả tư vấn.', '2025-04-26 16:16:51', 'Vision-the-thao.png', 1, 7, 'Nguyễn Trà My'),
(15, 'Rolls-Royce Ghost Series II ra mắt khách Việt, giá từ 34,9 tỷ đồng', 'Rolls-Royce Ghost Series II thay đổi một số chi tiết về ngoại thất, nội thất, động cơ V12 giữ nguyên.\r\n\r\nMẫu sedan siêu sang cỡ lớn Rolls-Royce Ghost Series II ra mắt đến khách Việt ngày 17/4. Đây là phiên bản nâng cấp giữa vòng đời, có thiết kế đầu xe tương đồng với các đàn anh Phantom và Cullinan. Xe thay đổi ngoại thất và công nghệ, các chi tiết nội thất tinh chỉnh nhẹ so với thế hệ trước, và khối động cơ vẫn giữ nguyên.\r\nThay đổi ở ngoại thất là phần đèn LED ban ngày vuốt nhọn tạo ra tổng thể hiện đại, sắc sảo. Phần lưới tản nhiệt Pantheon bổ sung thêm tính năng phát sáng. Hốc hút gió mở rộng và trang trí bằng viền crôm. Đèn hậu lấy cảm hứng thiết kế của mẫu xe điện Spectre.\r\n\r\nThay đổi lớn ở nội thất của Ghost Series II là màn hình lái kỹ thuật số, liền mạch với phần màn hình thông tin giải trí cỡ lớn đặt giữa, kế bên là hộp đồng hồ chứa biểu tượng Spirit of Ecstasy thu nhỏ. Xe trang bị 18 loa công suất 1.400 W. Ngoài ra, hàng ghế sau trang bị hai màn hình hoạt động riêng biệt, gắn ở lưng hàng ghế trước.\r\n\r\nĐiểm nhấn khác của nội thất là kỹ thuật chế tác các vật liệu. Đầu tiên là sợi vải bọc ghế làm từ cây tre, với các sợi được dệt chéo, mà Rolls-Royce cho rằng một chiếc xe có thể tiêu tốn 2,2 triệu mũi khâu, gần 18 km chỉ và hơn 20 giờ để thực hiện. Tiếp theo là các thớ gỗ ốp là loại có các lỗ nhỏ li ti, sau đó các nghệ nhân trám vào những lỗ này các hạt kim loại siêu nhỏ để tạo hiệu ứng lấp lánh.\r\n\r\nVề vận hành, Ghost Series II vẫn sử dụng khối động cơ 6,75 lít V12 tăng áp kép, công suất 563 mã lực và mô-men xoắn 850 Nm, đạt được khi vòng tua chạm mức 1.600 vòng/phút. Tăng tốc 0-100 km/h trong 4,8 giây và tốc độ tối đa 250 km/h.\r\n\r\nThế hệ này còn sử dụng camera và cảm biến để phân tích điều kiện mặt đường, nhằm tinh chỉnh hệ thống treo cho phù hợp nhất. Bên cạnh đó, hệ thống truyền động có khả năng sử dụng GPS để phân tính đường đi phía trước nhằm chọn ra cấp số phù hợp, ví dụ như khi xe sắp vào đoạn cua lớn.\r\n\r\nPhiên bản Ghost Series II tiêu chuẩn có giá từ 34,9 tỷ đồng. Ngoài ra còn có phiên bản trục cơ sở dài Ghost Extended Series II giá từ 38,9 tỷ đồng, và Black Badge Ghost Series II nâng cấp sức mạnh động cơ giá từ 40,59 tỷ đồng.', '2025-04-26 16:18:09', 'Screenshot 2025-04-22 035040.png', 0, 7, 'Nguyễn Trà My'),
(16, 'Xe điện thống trị giải thưởng Xe của năm 2025 tại Mỹ', 'Kia EV3 là Xe của năm, trong khi Hyundai Inster/Casper Electric là Xe điện của năm trong khuôn khổ giải thưởng tại New York Auto Show.\r\n\r\nKia EV3 vượt qua BMW X3 và Hyundai Inster để giành giải cao nhất, giúp Kia có danh hiệu Xe của năm lần thứ hai liên tiếp sau khi EV9 được vinh danh năm 2024. Hiện EV3 chưa được phân phối tại Mỹ, nhưng sẽ sớm có mặt nếu không gặp trở ngại về thuế quan.\r\nTrong các báo cáo tổng kết doanh số quý đầu năm 2025, EV3 cũng là xe điện bán chạy nhất ở nhiều thị trường khác nhau trên thế giới, như Hàn Quốc, Anh, Hà Lan.\r\n\r\nCũng tại triển lãm New York năm nay, xe điện có một màn trình diễn mạnh mẽ khi Volvo EX90 được xướng tên là Xe sang của năm sau khi vượt qua Porsche Macan và Porsche Panamera.\r\n\r\nMẫu crossover điện hạng sang có giá khởi điểm 79.995 USD, trang bị pin 111 kWh cùng hệ thống dẫn động 4 bánh với hai môtơ cho công suất 402 mã lực và mô-men xoắn 769 Nm. Xe có thể tăng tốc 0-97 km/h trong 5,7 giây và chạy được tối đa 499 km chỉ với một lần sạc.\r\n\r\nHyundai Inster/Casper Electric được vinh danh là Xe điện của năm. Mẫu crossover đô thị nhỏ gọn với công suất 113 mã lực.\r\nBYD Seagull/Dolphin Mini được xướng tên là Xe đô thị của năm. Mẫu hatchback có giá dưới 10.000 USD tại Trung Quốc và phiên bản Seagull Intelligent Driving Edition cung cấp phạm vi hoạt động lên đến 405 km.\r\n\r\nDanh hiệu Thiết kế xe của năm thuộc về Volkswagen ID. Buzz. Mẫu xe Đức vượt qua Kia EV3 và Toyota Land Cruiser/Land Cruiser 250 để giành giải thưởng.\r\n\r\nXe duy nhất không phải xe điện giành được giải thưởng là Porsche 911 GTS, được vinh danh là Xe hiệu suất 2025. Chiếc xe thể thao có giá khởi điểm 169.800 USD và có hệ truyền động hybrid bao gồm động cơ 3,6 lít tăng áp, 6 xi-lanh, một môtơ điện và một bộ pin nhỏ. Công suất kết hợp 532 mã lự và mô-men xoắn 608 Nm. Xe tăng tốc 0-97 km/h trong 2,9 giây trước khi đạt tốc độ tối đa 312 km/h.\r\n\r\nNgoài các giải dành cho các mẫu xe, còn một giải thưởng gây chú ý là Nhân vật của năm, thuộc về Stella Li - Phó chủ tịch BYD. Chỉ vừa mới đây, tại buổi ra mắt mẫu Denza Z9 GT tại Milan, Italy, Li tuyên bố rằng các mẫu xe mới của Denza tốt hơn gấp 10 lần so với các đối thủ mà họ muốn vượt qua, bao gồm Mercedes, Audi, BMW và có thể cả Porsche.\r\nTriển lãm ôtô New York năm nay sẽ bắt đầu từ ngày 18/4 và kết thúc vào ngày 27/4. Đây cũng là triển lãm ôtô đầu tiên ở Bắc Mỹ, được tổ chức lần đầu năm 1900 và diễn ra thường niên. New York International Auto Show cũng là sự kiện chuyên ngành có số lượng người tham dự lớn nhất Bắc Mỹ.\r\n\r\nTriển lãm năm nay kỷ niệm 125 năm ra đời, trưng bày hơn 160 xe và dự kiến thu hút gần 50.000 du khách tại Trung tâm Hội nghị Javits, thành phố New York. Một điểm đặc biệt của sự kiện là đường chạy thử chỉ dành cho xe điện. Đó là bởi New York là một trong 12 bang yêu cầu tất cả các loại xe mới bán ra phải không phát thải vào năm 2035. Điều này bao gồm yêu cầu 35% xe đời 2026 (sẽ có mặt tại các đại lý vào cuối năm nay) phải chạy hoàn toàn bằng pin.', '2025-04-26 16:20:32', 'Screenshot 2025-04-22 035142.png', 1, 7, 'Nguyễn Trà My'),
(17, 'Toyota Wigo đe dọa ngôi vương Hyundai i10', 'Doanh số phân khúc A quý I/2025 xuống mức thấp nhất trong vòng ba năm qua, với cách biệt giữa i10 và Wigo chỉ còn gần 300 xe.\r\n\r\nTrải qua quý đầu năm, doanh số phân khúc ôtô nhỏ cỡ A tại thị trường Việt Nam không nhiều biến chuyển. Đây vẫn là một trong những phân khúc có số lượng khách hàng ít nhất, với mức bán chỉ 1.422 xe trong ba tháng đầu năm, và cũng là quý có doanh số thấp nhất trong vòng ba năm trở lại đây. Quý IV/2024 bán 3.518 xe, trong khi quý I/2024 là 2.043 xe.\r\nHyundai i10 duy trì thứ hạng đầu quen thuộc với doanh số 798 xe. Mức doanh số này giúp i10 chiếm hơn một nửa thị phần xe nhỏ cỡ A. Mẫu xe Hàn bán chạy trong nhiều năm qua vì giá tốt, có hai biến thể hatchback và sedan cho người tiêu dùng lựa chọn, cùng chi phí sử dụng thấp.\r\n\r\nXếp hạng hai là Toyota Wigo với 505 xe bán ra trong quý, chiếm hơn 35% thị phần. Mẫu xe này ra mắt từ giữa 2023, và đang càng ngày chiếm nhiều thị phần hơn. Trong năm trước, Wigo chỉ chiếm gần 29% thị phần. Nếu Wigo thu hút nhiều khách hàng hơn trong thời gian tới, xe nhỏ cỡ A sẽ là \"cuộc đua song mã\" giữa hai thương hiệu Hàn - Nhật.\r\n\r\nXếp cuối là Kia Morning, với doanh số chỉ 119 xe trong quý vừa qua, chiếm hơn 8% thị phần còn lại của phân khúc. Doanh số của Morning kể từ khi Wigo xuất hiện hiếm khi nào vượt quá hai con số. Mẫu xe Hàn đã được giới thiệu từ lâu, và chưa cập nhật phiên bản mới trong 5 năm qua.\r\nPhân khúc xe nhỏ cỡ A tại Việt Nam đang thoái trào, nhường chỗ cho những mẫu xe gầm cao cỡ nhỏ hoặc xe điện, với nhiều sự lựa chọn về kiểu dáng, thương hiệu, mức giá cho khách hàng hơn. Ở các xe gầm thấp, sedan cỡ B là phân khúc hiếm hoi vẫn thu hút lượng lớn khách hàng trong những năm qua.', '2025-04-26 16:22:54', 'Screenshot 2025-04-22 035439.png', 2, 7, 'Nguyễn Trà My'),
(18, 'Chery ra mắt xe bán tải mới, đối thủ Toyota Hilux', 'Chery giới thiệu dòng xe Himla mới, gồm từ cỡ nhỏ đến cỡ lớn, với mẫu đầu tiên là cỡ trung nhắm đến đối thủ Nhật.\r\n\r\nHimla ra mắt với sự tham gia của nhiều bộ phận thuộc tập đoàn Chery, và dự kiến có mặt ở thị trường châu Mỹ, châu Âu và Nam Phi. Chery cho biết sẽ có nhiều phiên bản của Himla, bao gồm cả hệ truyền động hybrid và động cơ diesel truyền thống. Ngoài ra, có khả năng thêm hệ truyền động điện.\r\n\r\nTên gọi Himla lấy cảm hứng từ dãy núi Himalaya và là viết tắt của các yếu tố: hiệu suất cao (high performance), đổi mới (innovation), đa chức năng (multifunctional), độ bền (longevity) và khả năng địa hình toàn diện (all-terrain capability). Bốn chức năng chính của Himla bao gồm: tải hàng, vượt địa hình, cắm trại và kéo rơ-moóc.\r\nXe bán tải Himla trông gần giống nguyên mẫu KP11 lần đầu tiên được tiết lộ vào tháng 10/2024. Những điểm khác biệt chính là màu sơn mới, thiết kế vành mới và ít phụ kiện hơn. Thương hiệu Chery xuất hiện trên lưới tản nhiệt, trong khi biểu tượng Himla được đặt ở cửa sau.\r\n\r\nĐèn pha LED chia đôi, ốp gầm giả nhôm, nắp ca-pô và chắn bùn cơ bắp. Bậc lên xuống tích hợp trên cản sau. Xe dùng vành hợp kim và lốp địa hình.\r\n\r\nỞ cabin, màn hình cảm ứng thông tin giải trí giống Tesla, cụm đồng hồ kỹ thuật số, lớp bọc ghế màu sáng. Hành khách phía sau có cửa gió điều hòa riêng.\r\n\r\nThùng xe có kích thước dường như bằng các xe bán tải hạng trung khác mà nó sẽ cạnh tranh, bao gồm Toyota Hilux, Ford Ranger, Volkswagen Amarok, Mitsubishi Triton, Kia Tasman, Nissan Navara, Isuzu D-Max và Mazda BT-50.\r\n\r\nChery vẫn chưa chia sẻ thông số kỹ thuật chính xác của Himla, nhưng có vẻ như xe đã sẵn sàng sản xuất. Với xu hướng hiện tại trên thị trường xe bán tải, khách hàng tiềm năng có thể mong đợi Himla được chế tạo trên khung gầm dạng thang, cho phép cạnh tranh về tải trọng và khả năng kéo.\r\n\r\nTại triển lãm ôtô Thượng Hải, Chery giới thiệu 53 mẫu xe từ 5 thương hiệu con, gồm Chery, Exeed, Jetour, iCAR, và Luxeed, trong đó 16 mẫu xe mới.', '2025-04-26 16:28:34', 'Screenshot 2025-04-26 232822.png', 5, 7, 'Nguyễn Trà My');
INSERT INTO `news` (`id`, `tieude`, `noidung`, `created_at`, `image`, `views`, `chuyenmuc_id`, `author`) VALUES
(19, 'Audi ra mắt xe wagon điện', 'Audi và SAIC giới thiệu mẫu E5 Sportback với nhiều công nghệ tiên tiến, tùy chọn dẫn động cầu sau hoặc 4 bánh.\r\n\r\nXe được thiết kế riêng cho thị trường Trung Quốc, sau khi phiên bản ý tưởng E được giới thiệu trong 2024, nhằm đáp ứng nhu cầu ngày càng tăng của thị trường này.\r\n\r\nChính thức ra mắt tại triển lãm ôtô Thượng Hải, mẫu wagon 5 cửa mới chỉ sử dụng môtơ điện và tùy chọn cấu hình dẫn động cầu sau hoặc 4 bánh, với tầm hoạt động tối đa đến 770 km. Xe sẽ có mặt tại các showroom ở Trung Quốc vào mùa hè năm nay.\r\n\r\nTrong khi kích thước tương tự Audi A6 Avant với các thông số dài x rộng x cao tương ứng 4.881 mm x 1.959 mm x 1.478 mm, E5 Sportback không chỉ đơn thuần là phiên bản đổi tên của e-tron.\r\nXe được xây dựng trên nền tảng phát triển từ sự hợp tác giữa Audi và SAIC, nhằm kết hợp những ưu điểm tốt nhất từ Đức và Trung Quốc. Phía Audi nhấn mạnh vào thiết kế và kỹ thuật vượt trội, trong khi đóng góp của SAIC thể hiện ở hệ sinh thái số và sự đổi mới.\r\n\r\nHệ điều hành AUDI OS mới, chạy trên chipset ôtô Qualcomm Snapdragon 8295 và hiển thị trên màn hình 4K 27 inch lớn trải dài toàn bộ chiều rộng của cabin.\r\n\r\nNhững tính năng tiên tiến như nhận dạng khuôn mặt và một kho ứng dụng \"tích hợp hoàn toàn vào thế giới kỹ thuật số của Trung Quốc\". Có nghĩa, hệ thống được thiết kế riêng cho hệ sinh thái độc đáo của Trung Quốc gồm các ứng dụng tiên tiến, do chính Trung Quốc sản xuất, từ cổng thanh toán đến dịch vụ nhắn tin.\r\n\r\nXe có trợ lý giọng nói do công ty mẹ của TikTok, ByteDance, phát triển. Trọng tâm là làm cho trợ lý ảo giống con người nhất có thể, với khả năng thay đổi phong thái của nó bằng tính năng Behavior Select.\r\n\r\nMột tiêu chuẩn quan trọng khác để đánh giá những mẫu xe cao cấp bán tại Trung Quốc là khả năng lái xe tự động. AUDI E5 Sportback có một bộ cảm biến LiDAR, được đào tạo chuyên biệt cho những thách thức của đường đô thị tại Trung Quốc. Ví dụ, hệ thống này được cho là có thể phát hiện xe ba bánh và người giao hàng bằng xe hai bánh.\r\n\r\nAUDI cũng có trợ lý đỗ xe có thể ghi nhớ đường đi qua các bãi đỗ xe nhiều tầng và điều hướng đến một điểm cụ thể trước khi tự đỗ xe.\r\n\r\nThông số kỹ thuật và tùy chọn của AUDI E5 Sportback có một số điểm tương đồng với các mục trong dòng sản phẩm của Audi. Kiến trúc sạc 800 V có thể giúp xe đi được 370 km sau khi sạc chỉ trong 10 phút, tương tự kiến trúc Premium Platform Electric (PPE) hỗ trợ A6 e-tron và Q6 e-tron.\r\n\r\nE5 Sportback sẽ có 4 biến thể. Tùy chọn hệ dẫn động cầu sau và 4 bánh toàn thời gian, với các mức công suất tương ứng 295 mã lực, 402 mã lực, 570 mã lực hoặc 776 mã lực.\r\n\r\nPhiên bản E5 có môtơ mạnh nhất tăng tốc 0-100 km/h chỉ trong 3,4 giây. Pin lớn nhất được cung cấp là 100 kWh, với phạm vi lái tối đa 770 km trong chu kỳ thử nghiệm CLTC. E5 sử dụng hệ thống treo khí nén.\r\n\r\nE5 Sportback sẽ bán vào mùa hè năm nay và sẽ là nền tảng của thương hiệu AUDI. Dự kiến hai mẫu xe AUDI nữa sẽ ra mắt vào năm 2026 và 2027.', '2025-04-26 16:30:25', 'Screenshot 2025-04-26 232959.png', 0, 7, 'Nguyễn Trà My'),
(20, 'Ferrari 296 GTS F1-75 - siêu xe độc nhất Việt Nam', 'Mẫu xe phát triển dựa trên chiếc 296 GTS mui trần với màu đỏ đặc biệt lấy cảm hứng từ đường đua và chỉ một chiếc tại Việt Nam.\r\n\r\nTheo đơn đặt hàng của một khách Việt giấu tên, Ferrari Việt Nam đưa về chiếc 296 GTS F1-75 cùng giá bán không được tiết lộ. Riêng bản 296 GTS tiêu chuẩn từng về nước năm 2023 có giá không dưới 23 tỷ đồng.\r\nFerrari 296 GTS F1-75 là phiên bản đặc biệt với nhiều chi tiết cá nhân hóa. Giống cách làm của những thương hiệu xa xỉ như Rolls-Royce, Bentley, điều này có thể tạo ra chiếc xe không chỉ duy nhất Việt Nam mà trên toàn cầu.\r\n\r\nỞ 296 GTS F1-75, màu đỏ ngoại thất được chế tác riêng cho Ferrari F1-75, chiếc xe đua từng chiến thắng chặng mở màn giải đua Công thức 1 năm 2022 ở Bahrain. Con số 75 trong tên gọi kỷ niệm 75 năm kể từ khi chiếc Ferrari đầu tiên - mẫu 125 S - lăn bánh khỏi nhà máy Maranello (Italy) vào năm 1947.\r\n\r\nTrong xuyên suốt lịch sử của Ferrari, đỏ là sắc màu chủ đạo của hãng này. Thương hiệu Italy cho biết, những năm 1990, hơn 85% xe Ferrari bán ra thị trường mang màu đỏ.\r\n\r\nĐiểm nhấn ở thân xe màu đỏ là dải ruy băng màu xanh chạy dọc thân (giữa). Vành 20 inch kèm phanh hiệu suất cao màu xanh đậm.\r\n\r\nỞ nội thất, cách sắp xếp các chi tiết tương tự bản thường. Nhưng nhiều vị trí sử dụng chất liệu sợi carbon như xung quanh cần số, vô-lăng, ốp đồng hồ tốc độ, ốp cửa gió điều hòa hai bên (cabin), thành ghế, đều là màu đỏ đô. Dây đai an toàn cũng màu đỏ trùng màu thân xe.\r\n\r\nĐộng cơ trên Ferrari 296 GTS F1-75 giống bản tiêu chuẩn, loại plug-in hybrid (PHEV). Máy xăng 2.9 V6 tăng áp kép và môtơ của xe cho tổng công suất 819 mã lực, mô-men xoắn 740 Nm.\r\n\r\nỞ bản thường, siêu xe 296 GTB có thể tăng tốc 0-100 km/h trong 2,9 giây và tốc độ tối đa 330 km/h. Hộp số loại ly hợp kép 8 cấp vốn đã xuất hiện trên các dòng như SF90 Stradale, Ferrari Roma, Portofino M và SF90 Spider.\r\n\r\nTại Việt Nam, Ferrari 296 GTS cùng phân khúc với McLaren Artura Spider, siêu xe giá khoảng từ 17 tỷ đồng.', '2025-04-26 16:31:47', 'Screenshot 2025-04-26 233139.png', 1, 7, 'Nguyễn Trà My'),
(21, 'Hongqi ra mắt SUV địa hình, nhờ công chúng đặt tên', 'Hongqi mời công chúng toàn cầu đặt tên cho mẫu xe mới, và người thắng cuộc sẽ được tặng xe miễn phí khi ra mắt.\r\n\r\nNgày 24/4, Hongqi (Hồng Kỳ) giới thiệu mẫu SUV địa hình năng lượng mới tại triển lãm Thượng Hải, đánh dấu sự gia nhập của thương hiệu này vào thị trường xe địa hình tại Trung Quốc. Đồng thời, hãng khởi động chiến dịch mời công chúng toàn cầu đặt tên cho mẫu xe mới. Người thắng cuộc sẽ nhận được xe miễn phí khi ra mắt.\r\n\r\nNhững năm gần đây, ngày càng nhiều nhà sản xuất ôtô nội địa Trung Quốc hướng tới thị trường xe địa hình năng lượng mới. Tháng 10/2024, Geely tuyên bố tham gia thị trường xe địa hình với mẫu Cowboy.\r\nTừ năm 2021, doanh số xe địa hình trung và cao cấp tăng trung bình hơn 30% mỗi năm tại quốc gia này. Đặc biệt, trong hai năm qua, hybrid sạc điện (PHEV) và hybrid hành trình mở rộng (EREV) trở thành các hệ thống truyền động chủ đạo cho xe địa hình trung và cao cấp.\r\n\r\nHongqi cho biết thiết kế ngoại thất của mẫu xe sử dụng yếu tố khớp nối từ kiến trúc cổ Trung Quốc, một phương pháp mộc truyền thống để ghép nối các thành phần. Lưới tản nhiệt dạng hình học kết hợp đèn pha tròn giống như cấu trúc mắt người và dải logo màu đỏ của thương hiệu Hongqi.\r\nPhía sau xe có các yếu tố quen thuộc của dòng SUV địa hình như lốp dự phòng, cửa hậu mở ngang và đèn hậu dọc. Trên nóc có một LiDAR và một camera ở chắn bùn trước, cho thấy các chức năng hỗ trợ lái tiên tiến.\r\n\r\nThân xe vuông vức kết hợp với màu sơn vàng sa mạc và đen, thang leo bên hông, giá nóc, bậc lên xuống và vòm bánh xe dày. Yếu tố thiết kế thương hiệu Hongqi màu đỏ cũng xuất hiện xuyên suốt như nắp la-zăng và dải nhỏ ở chắn bùn.\r\n\r\nMẫu xe mới trang bị hệ thống 4 môtơ do Hongqi tự phát triển có khả năng tăng tốc 0-100 km/h trong 4 giây, kết hợp với ba khóa vi sai. Hiện chưa có nhiều thông tin về mẫu SUV off-road đầu tiên của Hongqi.', '2025-04-26 16:34:02', 'Screenshot 2025-04-26 233356.png', 10, 7, 'Nguyễn Trà My');

-- --------------------------------------------------------

--
-- Cấu trúc bảng cho bảng `users`
--

CREATE TABLE `users` (
  `id` int(11) NOT NULL,
  `username` varchar(50) COLLATE utf8_unicode_ci DEFAULT NULL,
  `password` varchar(100) COLLATE utf8_unicode_ci DEFAULT NULL,
  `email` varchar(100) COLLATE utf8_unicode_ci DEFAULT NULL,
  `role` enum('admin','user') COLLATE utf8_unicode_ci DEFAULT 'user'
) ENGINE=InnoDB DEFAULT CHARSET=utf8 COLLATE=utf8_unicode_ci;

--
-- Đang đổ dữ liệu cho bảng `users`
--

INSERT INTO `users` (`id`, `username`, `password`, `email`, `role`) VALUES
(1, 'admin', '0192023a7bbd73250516f069df18b500', 'admin@example.com', 'admin'),
(2, 'hea', '0192023a7bbd73250516f069df18b500', 'heaksor12003@gmail.com', 'admin'),
(3, 'truc', '0192023a7bbd73250516f069df18b500', 'trucvu0222@gmail.com', 'admin'),
(4, 'linh', '0192023a7bbd73250516f069df18b500', 'trankhanhlinh557@gmail.com', 'admin'),
(5, 'diep', '0192023a7bbd73250516f069df18b500', 'ngocdiep24kt@gmail.com', 'admin'),
(6, 'chau', '0192023a7bbd73250516f069df18b500', 'minhchau1942004@gmail.com', 'admin'),
(7, 'abc', '0192023a7bbd73250516f069df18b500', '', 'user');

--
-- Chỉ mục cho các bảng đã đổ
--

--
-- Chỉ mục cho bảng `chuyenmuc`
--
ALTER TABLE `chuyenmuc`
  ADD PRIMARY KEY (`id`);

--
-- Chỉ mục cho bảng `comments`
--
ALTER TABLE `comments`
  ADD PRIMARY KEY (`id`),
  ADD KEY `news_id` (`news_id`);

--
-- Chỉ mục cho bảng `news`
--
ALTER TABLE `news`
  ADD PRIMARY KEY (`id`),
  ADD KEY `fk_chuyenmuc` (`chuyenmuc_id`);

--
-- Chỉ mục cho bảng `users`
--
ALTER TABLE `users`
  ADD PRIMARY KEY (`id`),
  ADD UNIQUE KEY `username` (`username`);

--
-- AUTO_INCREMENT cho các bảng đã đổ
--

--
-- AUTO_INCREMENT cho bảng `chuyenmuc`
--
ALTER TABLE `chuyenmuc`
  MODIFY `id` int(11) NOT NULL AUTO_INCREMENT, AUTO_INCREMENT=8;

--
-- AUTO_INCREMENT cho bảng `comments`
--
ALTER TABLE `comments`
  MODIFY `id` int(11) NOT NULL AUTO_INCREMENT;

--
-- AUTO_INCREMENT cho bảng `news`
--
ALTER TABLE `news`
  MODIFY `id` int(11) NOT NULL AUTO_INCREMENT, AUTO_INCREMENT=22;

--
-- AUTO_INCREMENT cho bảng `users`
--
ALTER TABLE `users`
  MODIFY `id` int(11) NOT NULL AUTO_INCREMENT, AUTO_INCREMENT=8;

--
-- Các ràng buộc cho các bảng đã đổ
--

--
-- Các ràng buộc cho bảng `comments`
--
ALTER TABLE `comments`
  ADD CONSTRAINT `comments_ibfk_1` FOREIGN KEY (`news_id`) REFERENCES `news` (`id`);

--
-- Các ràng buộc cho bảng `news`
--
ALTER TABLE `news`
  ADD CONSTRAINT `fk_chuyenmuc` FOREIGN KEY (`chuyenmuc_id`) REFERENCES `chuyenmuc` (`id`);
COMMIT;

/*!40101 SET CHARACTER_SET_CLIENT=@OLD_CHARACTER_SET_CLIENT */;
/*!40101 SET CHARACTER_SET_RESULTS=@OLD_CHARACTER_SET_RESULTS */;
/*!40101 SET COLLATION_CONNECTION=@OLD_COLLATION_CONNECTION */;
